{"cameraMode":{"drawMode":0,"name":"Shaded","section":"Shading Mode"},"sceneLighting":true,"audioPlay":false,"sceneViewState":{"m_AlwaysRefresh":false,"showFog":true,"showSkybox":true,"showFlares":true,"showImageEffects":true,"showParticleSystems":true,"showVisualEffectGraphs":true,"m_FxEnabled":true},"in2DMode":false,"pivot":{"x":-1.554067611694336,"y":2.422276496887207,"z":3.8266100883483888},"rotation":{"x":-0.059220582246780398,"y":0.9406071901321411,"z":-0.2455037385225296,"w":-0.22689387202262879},"size":3.7489888668060304,"orthographic":false}